Date,Last Value
2013-05-30 00:00:00,35.029999
2013-05-31 00:00:00,34.900002
2013-06-03 00:00:00,35.59
2013-06-04 00:00:00,34.990002
2013-06-05 00:00:00,34.779999
2013-06-06 00:00:00,34.959999
2013-06-07 00:00:00,35.669998
2013-06-10 00:00:00,35.470001
2013-06-11 00:00:00,34.84
2013-06-12 00:00:00,35
2013-06-13 00:00:00,34.720001
2013-06-14 00:00:00,34.400002
2013-06-17 00:00:00,35
2013-06-18 00:00:00,34.98
2013-06-19 00:00:00,34.59
2013-06-20 00:00:00,33.490002
2013-06-21 00:00:00,33.27
2013-06-24 00:00:00,33.720001
2013-06-25 00:00:00,33.669998
2013-06-26 00:00:00,34.349998
2013-06-27 00:00:00,34.619999
2013-06-28 00:00:00,34.540001
2013-07-01 00:00:00,34.360001
2013-07-02 00:00:00,33.939999
2013-07-03 00:00:00,34.009998
2013-07-05 00:00:00,34.209999
2013-07-08 00:00:00,34.330002
2013-07-09 00:00:00,34.349998
2013-07-10 00:00:00,34.700001
2013-07-11 00:00:00,35.689999
2013-07-12 00:00:00,35.669998
2013-07-15 00:00:00,36.169998
2013-07-16 00:00:00,36.27
2013-07-17 00:00:00,35.740002
2013-07-18 00:00:00,35.439999
2013-07-19 00:00:00,31.4
2013-07-22 00:00:00,32.009998
2013-07-23 00:00:00,31.82
2013-07-24 00:00:00,31.959999
2013-07-25 00:00:00,31.389999
2013-07-26 00:00:00,31.620001
2013-07-29 00:00:00,31.540001
2013-07-30 00:00:00,31.85
2013-07-31 00:00:00,31.84
2013-08-01 00:00:00,31.67
2013-08-02 00:00:00,31.889999
2013-08-05 00:00:00,31.700001
2013-08-06 00:00:00,31.58
2013-08-07 00:00:00,32.060001
2013-08-08 00:00:00,32.889999
2013-08-09 00:00:00,32.700001
2013-08-12 00:00:00,32.869999
2013-08-13 00:00:00,32.23
2013-08-14 00:00:00,32.349998
2013-08-15 00:00:00,31.790001
2013-08-16 00:00:00,31.799999
2013-08-19 00:00:00,31.389999
2013-08-20 00:00:00,31.620001
2013-08-21 00:00:00,31.610001
2013-08-22 00:00:00,32.389999
2013-08-23 00:00:00,34.75
2013-08-26 00:00:00,34.150002
2013-08-27 00:00:00,33.259998
2013-08-28 00:00:00,33.02
2013-08-29 00:00:00,33.549999
2013-08-30 00:00:00,33.400002
2013-09-03 00:00:00,31.879999
2013-09-04 00:00:00,31.200001
2013-09-05 00:00:00,31.23
2013-09-06 00:00:00,31.15
2013-09-09 00:00:00,31.66
2013-09-10 00:00:00,32.389999
2013-09-11 00:00:00,32.740002
2013-09-12 00:00:00,32.689999
2013-09-13 00:00:00,33.029999
2013-09-16 00:00:00,32.799999
2013-09-17 00:00:00,32.93
2013-09-18 00:00:00,33.32
2013-09-19 00:00:00,33.639999
2013-09-20 00:00:00,32.790001
2013-09-23 00:00:00,32.740002
2013-09-24 00:00:00,32.450001
2013-09-25 00:00:00,32.509998
2013-09-26 00:00:00,32.77
2013-09-27 00:00:00,33.27
2013-09-30 00:00:00,33.279999
2013-10-01 00:00:00,33.580002
2013-10-02 00:00:00,33.919998
2013-10-03 00:00:00,33.860001
2013-10-04 00:00:00,33.880001
2013-10-07 00:00:00,33.299999
2013-10-08 00:00:00,33.009998
2013-10-09 00:00:00,33.07
2013-10-10 00:00:00,33.759998
2013-10-11 00:00:00,34.130001
2013-10-14 00:00:00,34.450001
2013-10-15 00:00:00,34.490002
2013-10-16 00:00:00,34.639999
2013-10-17 00:00:00,34.919998
2013-10-18 00:00:00,34.959999
2013-10-21 00:00:00,34.990002
2013-10-22 00:00:00,34.580002
2013-10-23 00:00:00,33.759998
2013-10-24 00:00:00,33.720001
2013-10-25 00:00:00,35.73
2013-10-28 00:00:00,35.57
2013-10-29 00:00:00,35.52
2013-10-30 00:00:00,35.540001
2013-10-31 00:00:00,35.41
2013-11-01 00:00:00,35.529999
2013-11-04 00:00:00,35.939999
2013-11-05 00:00:00,36.639999
2013-11-06 00:00:00,38.18
2013-11-07 00:00:00,37.5
2013-11-08 00:00:00,37.779999
2013-11-11 00:00:00,37.59
2013-11-12 00:00:00,37.360001
2013-11-13 00:00:00,38.16
2013-11-14 00:00:00,38.02
2013-11-15 00:00:00,37.84
2013-11-18 00:00:00,37.200001
2013-11-19 00:00:00,36.740002
2013-11-20 00:00:00,37.080002
2013-11-21 00:00:00,37.400002
2013-11-22 00:00:00,37.57
2013-11-25 00:00:00,37.639999
2013-11-26 00:00:00,37.349998
2013-11-27 00:00:00,37.599998
2013-11-29 00:00:00,38.130001
2013-12-02 00:00:00,38.450001
2013-12-03 00:00:00,38.310001
2013-12-04 00:00:00,38.939999
2013-12-05 00:00:00,38
2013-12-06 00:00:00,38.360001
2013-12-09 00:00:00,38.709999
2013-12-10 00:00:00,38.110001
2013-12-11 00:00:00,37.610001
2013-12-12 00:00:00,37.220001
2013-12-13 00:00:00,36.689999
2013-12-16 00:00:00,36.889999
2013-12-17 00:00:00,36.52
2013-12-18 00:00:00,36.580002
2013-12-19 00:00:00,36.25
2013-12-20 00:00:00,36.799999
2013-12-23 00:00:00,36.619999
2013-12-24 00:00:00,37.080002
2013-12-26 00:00:00,37.439999
2013-12-27 00:00:00,37.290001
2013-12-30 00:00:00,37.290001
2013-12-31 00:00:00,37.41
2014-01-02 00:00:00,37.16
2014-01-03 00:00:00,36.91
2014-01-06 00:00:00,36.130001
2014-01-07 00:00:00,36.41
2014-01-08 00:00:00,35.759998
2014-01-09 00:00:00,35.529999
2014-01-10 00:00:00,36.040001
2014-01-13 00:00:00,34.98
2014-01-14 00:00:00,35.779999
2014-01-15 00:00:00,36.759998
2014-01-16 00:00:00,36.889999
2014-01-17 00:00:00,36.380001
2014-01-21 00:00:00,36.169998
2014-01-22 00:00:00,35.93
2014-01-23 00:00:00,36.060001
2014-01-24 00:00:00,36.810001
2014-01-27 00:00:00,36.029999
2014-01-28 00:00:00,36.27
2014-01-29 00:00:00,36.66
2014-01-30 00:00:00,36.860001
2014-01-31 00:00:00,37.84
2014-02-03 00:00:00,36.48
2014-02-04 00:00:00,36.349998
2014-02-05 00:00:00,35.82
2014-02-06 00:00:00,36.18
2014-02-07 00:00:00,36.560001
2014-02-10 00:00:00,36.799999
2014-02-11 00:00:00,37.169998
2014-02-12 00:00:00,37.470001
2014-02-13 00:00:00,37.610001
2014-02-14 00:00:00,37.619999
2014-02-18 00:00:00,37.419998
2014-02-19 00:00:00,37.509998
2014-02-20 00:00:00,37.75
2014-02-21 00:00:00,37.98
2014-02-24 00:00:00,37.689999
2014-02-25 00:00:00,37.540001
2014-02-26 00:00:00,37.470001
2014-02-27 00:00:00,37.860001
2014-02-28 00:00:00,38.310001
2014-03-03 00:00:00,37.779999
2014-03-04 00:00:00,38.41
2014-03-05 00:00:00,38.110001
2014-03-06 00:00:00,38.150002
2014-03-07 00:00:00,37.900002
2014-03-10 00:00:00,37.82
2014-03-11 00:00:00,38.02
2014-03-12 00:00:00,38.27
2014-03-13 00:00:00,37.889999
2014-03-14 00:00:00,37.700001
2014-03-17 00:00:00,38.049999
2014-03-18 00:00:00,39.549999
2014-03-19 00:00:00,39.27
2014-03-20 00:00:00,40.330002
2014-03-21 00:00:00,40.16
2014-03-24 00:00:00,40.5
2014-03-25 00:00:00,40.34
2014-03-26 00:00:00,39.790001
2014-03-27 00:00:00,39.360001
2014-03-28 00:00:00,40.299999
2014-03-31 00:00:00,40.990002
2014-04-01 00:00:00,41.419998
2014-04-02 00:00:00,41.349998
2014-04-03 00:00:00,41.009998
2014-04-04 00:00:00,39.869999
2014-04-07 00:00:00,39.799999
2014-04-08 00:00:00,39.82
2014-04-09 00:00:00,40.470001
2014-04-10 00:00:00,39.360001
2014-04-11 00:00:00,39.209999
2014-04-14 00:00:00,39.18
2014-04-15 00:00:00,39.75
2014-04-16 00:00:00,40.400002
2014-04-17 00:00:00,40.009998
2014-04-21 00:00:00,39.939999
2014-04-22 00:00:00,39.990002
2014-04-23 00:00:00,39.689999
2014-04-24 00:00:00,39.860001
2014-04-25 00:00:00,39.91
2014-04-28 00:00:00,40.869999
2014-04-29 00:00:00,40.509998
2014-04-30 00:00:00,40.400002
2014-05-01 00:00:00,40
2014-05-02 00:00:00,39.689999
2014-05-05 00:00:00,39.43
2014-05-06 00:00:00,39.060001
2014-05-07 00:00:00,39.419998
2014-05-08 00:00:00,39.639999
2014-05-09 00:00:00,39.540001
2014-05-12 00:00:00,39.970001
2014-05-13 00:00:00,40.419998
2014-05-14 00:00:00,40.240002
2014-05-15 00:00:00,39.599998
2014-05-16 00:00:00,39.830002
2014-05-19 00:00:00,39.75
2014-05-20 00:00:00,39.68
2014-05-21 00:00:00,40.349998
2014-05-22 00:00:00,40.099998
2014-05-23 00:00:00,40.119999
2014-05-27 00:00:00,40.189999
2014-05-28 00:00:00,40.009998
2014-05-29 00:00:00,40.34
2014-05-30 00:00:00,40.939999
2014-06-02 00:00:00,40.790001
2014-06-03 00:00:00,40.290001
2014-06-04 00:00:00,40.32
2014-06-05 00:00:00,41.209999
2014-06-06 00:00:00,41.48
2014-06-09 00:00:00,41.27
2014-06-10 00:00:00,41.110001
2014-06-11 00:00:00,40.860001
2014-06-12 00:00:00,40.580002
2014-06-13 00:00:00,41.23
2014-06-16 00:00:00,41.5
2014-06-17 00:00:00,41.68
2014-06-18 00:00:00,41.650002
2014-06-19 00:00:00,41.509998
2014-06-20 00:00:00,41.68
2014-06-23 00:00:00,41.990002
2014-06-24 00:00:00,41.75
2014-06-25 00:00:00,42.029999
2014-06-26 00:00:00,41.720001
2014-06-27 00:00:00,42.25
2014-06-30 00:00:00,41.700001
2014-07-01 00:00:00,41.869999
2014-07-02 00:00:00,41.900002
2014-07-03 00:00:00,41.799999
2014-07-07 00:00:00,41.990002
2014-07-08 00:00:00,41.779999
2014-07-09 00:00:00,41.669998
2014-07-10 00:00:00,41.689999
2014-07-11 00:00:00,42.09
2014-07-14 00:00:00,42.139999
2014-07-15 00:00:00,42.450001
2014-07-16 00:00:00,44.080002
2014-07-17 00:00:00,44.529999
2014-07-18 00:00:00,44.689999
2014-07-21 00:00:00,44.84
2014-07-22 00:00:00,44.830002
2014-07-23 00:00:00,44.869999
2014-07-24 00:00:00,44.400002
2014-07-25 00:00:00,44.5
2014-07-28 00:00:00,43.970001
2014-07-29 00:00:00,43.889999
2014-07-30 00:00:00,43.580002
2014-07-31 00:00:00,43.16
2014-08-01 00:00:00,42.860001
2014-08-04 00:00:00,43.369999
2014-08-05 00:00:00,43.080002
2014-08-06 00:00:00,42.740002
2014-08-07 00:00:00,43.23
2014-08-08 00:00:00,43.200001
2014-08-11 00:00:00,43.200001
2014-08-12 00:00:00,43.52
2014-08-13 00:00:00,44.080002
2014-08-14 00:00:00,44.27
2014-08-15 00:00:00,44.790001
2014-08-18 00:00:00,45.110001
2014-08-19 00:00:00,45.330002
2014-08-20 00:00:00,44.950001
2014-08-21 00:00:00,45.220001
2014-08-22 00:00:00,45.150002
2014-08-25 00:00:00,45.169998
2014-08-26 00:00:00,45.009998
2014-08-27 00:00:00,44.869999
2014-08-28 00:00:00,44.880001
2014-08-29 00:00:00,45.43
2014-09-02 00:00:00,45.09
2014-09-03 00:00:00,44.959999
2014-09-04 00:00:00,45.259998
2014-09-05 00:00:00,45.91
2014-09-08 00:00:00,46.470001
2014-09-09 00:00:00,46.759998
2014-09-10 00:00:00,46.84
2014-09-11 00:00:00,47
2014-09-12 00:00:00,46.700001
2014-09-15 00:00:00,46.240002
2014-09-16 00:00:00,46.759998
2014-09-17 00:00:00,46.52
2014-09-18 00:00:00,46.68
2014-09-19 00:00:00,47.52
2014-09-22 00:00:00,47.060001
2014-09-23 00:00:00,46.560001
2014-09-24 00:00:00,47.080002
2014-09-25 00:00:00,46.040001
2014-09-26 00:00:00,46.41
2014-09-29 00:00:00,46.439999
2014-09-30 00:00:00,46.360001
2014-10-01 00:00:00,45.900002
2014-10-02 00:00:00,45.759998
2014-10-03 00:00:00,46.09
2014-10-06 00:00:00,46.09
2014-10-07 00:00:00,45.529999
2014-10-08 00:00:00,46.779999
2014-10-09 00:00:00,45.849998
2014-10-10 00:00:00,44.029999
2014-10-13 00:00:00,43.650002
2014-10-14 00:00:00,43.73
2014-10-15 00:00:00,43.220001
2014-10-16 00:00:00,42.740002
2014-10-17 00:00:00,43.630001
2014-10-20 00:00:00,44.080002
2014-10-21 00:00:00,44.880001
2014-10-22 00:00:00,44.380001
2014-10-23 00:00:00,45.02
2014-10-24 00:00:00,46.130001
2014-10-27 00:00:00,45.91
2014-10-28 00:00:00,46.490002
2014-10-29 00:00:00,46.619999
2014-10-30 00:00:00,46.049999
2014-10-31 00:00:00,46.950001
2014-11-03 00:00:00,47.439999
2014-11-04 00:00:00,47.57
2014-11-05 00:00:00,47.860001
2014-11-06 00:00:00,48.700001
2014-11-07 00:00:00,48.68
2014-11-10 00:00:00,48.889999
2014-11-11 00:00:00,48.869999
2014-11-12 00:00:00,48.779999
2014-11-13 00:00:00,49.610001
2014-11-14 00:00:00,49.580002
2014-11-17 00:00:00,49.459999
2014-11-18 00:00:00,48.740002
2014-11-19 00:00:00,48.220001
2014-11-20 00:00:00,48.700001
2014-11-21 00:00:00,47.98
2014-11-24 00:00:00,47.59
2014-11-25 00:00:00,47.470001
2014-11-26 00:00:00,47.75
2014-11-28 00:00:00,47.810001
2014-12-01 00:00:00,48.619999
2014-12-02 00:00:00,48.459999
2014-12-03 00:00:00,48.080002
2014-12-04 00:00:00,48.84
2014-12-05 00:00:00,48.419998
2014-12-08 00:00:00,47.700001
2014-12-09 00:00:00,47.59
2014-12-10 00:00:00,46.900002
2014-12-11 00:00:00,47.169998
2014-12-12 00:00:00,46.950001
2014-12-15 00:00:00,46.669998
2014-12-16 00:00:00,45.16
2014-12-17 00:00:00,45.740002
2014-12-18 00:00:00,47.52
2014-12-19 00:00:00,47.66
2014-12-22 00:00:00,47.98
2014-12-23 00:00:00,48.450001
2014-12-24 00:00:00,48.139999
2014-12-26 00:00:00,47.880001
2014-12-29 00:00:00,47.450001
2014-12-30 00:00:00,47.02
2014-12-31 00:00:00,46.450001
2015-01-02 00:00:00,46.759998
2015-01-05 00:00:00,46.330002
2015-01-06 00:00:00,45.650002
2015-01-07 00:00:00,46.23
2015-01-08 00:00:00,47.59
2015-01-09 00:00:00,47.189999
2015-01-12 00:00:00,46.599998
2015-01-13 00:00:00,46.360001
2015-01-14 00:00:00,45.959999
2015-01-15 00:00:00,45.48
2015-01-16 00:00:00,46.240002
2015-01-20 00:00:00,46.389999
2015-01-21 00:00:00,45.919998
2015-01-22 00:00:00,47.130001
2015-01-23 00:00:00,47.18
2015-01-26 00:00:00,47.009998
2015-01-27 00:00:00,42.66
2015-01-28 00:00:00,41.189999
2015-01-29 00:00:00,42.009998
2015-01-30 00:00:00,40.400002
2015-02-02 00:00:00,41.279999
2015-02-03 00:00:00,41.599998
2015-02-04 00:00:00,41.84
2015-02-05 00:00:00,42.450001
2015-02-06 00:00:00,42.41
2015-02-09 00:00:00,42.360001
2015-02-10 00:00:00,42.599998
2015-02-11 00:00:00,42.380001
2015-02-12 00:00:00,43.09
2015-02-13 00:00:00,43.869999
2015-02-17 00:00:00,43.580002
2015-02-18 00:00:00,43.529999
2015-02-19 00:00:00,43.5
2015-02-20 00:00:00,43.860001
2015-02-23 00:00:00,44.150002
2015-02-24 00:00:00,44.09
2015-02-25 00:00:00,43.990002
2015-02-26 00:00:00,44.060001
2015-02-27 00:00:00,43.849998
2015-03-02 00:00:00,43.880001
2015-03-03 00:00:00,43.279999
2015-03-04 00:00:00,43.060001
2015-03-05 00:00:00,43.110001
2015-03-06 00:00:00,42.360001
2015-03-09 00:00:00,42.849998
2015-03-10 00:00:00,42.029999
2015-03-11 00:00:00,41.98
2015-03-12 00:00:00,41.02
2015-03-13 00:00:00,41.380001
2015-03-16 00:00:00,41.560001
2015-03-17 00:00:00,41.700001
2015-03-18 00:00:00,42.5
2015-03-19 00:00:00,42.290001
2015-03-20 00:00:00,42.880001
2015-03-23 00:00:00,42.860001
2015-03-24 00:00:00,42.900002
2015-03-25 00:00:00,41.459999
2015-03-26 00:00:00,41.209999
2015-03-27 00:00:00,40.970001
2015-03-30 00:00:00,40.959999
2015-03-31 00:00:00,40.66
2015-04-01 00:00:00,40.720001
2015-04-02 00:00:00,40.290001
2015-04-06 00:00:00,41.549999
2015-04-07 00:00:00,41.529999
2015-04-08 00:00:00,41.419998
2015-04-09 00:00:00,41.48
2015-04-10 00:00:00,41.720001
2015-04-13 00:00:00,41.759998
2015-04-14 00:00:00,41.650002
2015-04-15 00:00:00,42.259998
2015-04-16 00:00:00,42.16
2015-04-17 00:00:00,41.619999
2015-04-20 00:00:00,42.91
2015-04-21 00:00:00,42.639999
2015-04-22 00:00:00,42.990002
2015-04-23 00:00:00,43.34
2015-04-24 00:00:00,47.869999
2015-04-27 00:00:00,48.029999
2015-04-28 00:00:00,49.16
2015-04-29 00:00:00,49.060001
2015-04-30 00:00:00,48.639999
2015-05-01 00:00:00,48.66
2015-05-04 00:00:00,48.240002
2015-05-05 00:00:00,47.599998
2015-05-06 00:00:00,46.279999
2015-05-07 00:00:00,46.700001
2015-05-08 00:00:00,47.75
2015-05-11 00:00:00,47.369999
2015-05-12 00:00:00,47.349998
2015-05-13 00:00:00,47.630001
2015-05-14 00:00:00,48.720001
2015-05-15 00:00:00,48.299999
2015-05-18 00:00:00,48.009998
2015-05-19 00:00:00,47.580002
2015-05-20 00:00:00,47.580002
2015-05-21 00:00:00,47.419998
2015-05-22 00:00:00,46.900002
2015-05-26 00:00:00,46.59
2015-05-27 00:00:00,47.610001
2015-05-28 00:00:00,47.450001
2015-05-29 00:00:00,46.860001
2015-06-01 00:00:00,47.23
2015-06-02 00:00:00,46.919998
2015-06-03 00:00:00,46.849998
2015-06-04 00:00:00,46.360001
2015-06-05 00:00:00,46.139999
2015-06-08 00:00:00,45.73
2015-06-09 00:00:00,45.650002
2015-06-10 00:00:00,46.610001
2015-06-11 00:00:00,46.439999
2015-06-12 00:00:00,45.970001
2015-06-15 00:00:00,45.48
2015-06-16 00:00:00,45.830002
2015-06-17 00:00:00,45.970001
2015-06-18 00:00:00,46.720001
2015-06-19 00:00:00,46.099998
2015-06-22 00:00:00,46.23
2015-06-23 00:00:00,45.91
2015-06-24 00:00:00,45.639999
2015-06-25 00:00:00,45.650002
2015-06-26 00:00:00,45.259998
2015-06-29 00:00:00,44.369999
2015-06-30 00:00:00,44.150002
2015-07-01 00:00:00,44.450001
2015-07-02 00:00:00,44.400002
2015-07-06 00:00:00,44.389999
2015-07-07 00:00:00,44.299999
2015-07-08 00:00:00,44.240002
2015-07-09 00:00:00,44.52
2015-07-10 00:00:00,44.610001
2015-07-13 00:00:00,45.540001
2015-07-14 00:00:00,45.619999
2015-07-15 00:00:00,45.759998
2015-07-16 00:00:00,46.66
2015-07-17 00:00:00,46.619999
2015-07-20 00:00:00,46.919998
2015-07-21 00:00:00,47.279999
2015-07-22 00:00:00,45.540001
2015-07-23 00:00:00,46.110001
2015-07-24 00:00:00,45.939999
2015-07-27 00:00:00,45.349998
2015-07-28 00:00:00,45.34
2015-07-29 00:00:00,46.290001
2015-07-30 00:00:00,46.880001
2015-07-31 00:00:00,46.700001
2015-08-03 00:00:00,46.810001
2015-08-04 00:00:00,47.540001
2015-08-05 00:00:00,47.580002
2015-08-06 00:00:00,46.619999
2015-08-07 00:00:00,46.740002
2015-08-10 00:00:00,47.330002
2015-08-11 00:00:00,46.41
2015-08-12 00:00:00,46.740002
2015-08-13 00:00:00,46.73
2015-08-14 00:00:00,47
2015-08-17 00:00:00,47.32
2015-08-18 00:00:00,47.27
2015-08-19 00:00:00,46.610001
2015-08-20 00:00:00,45.66
2015-08-21 00:00:00,43.07
2015-08-24 00:00:00,41.68
2015-08-25 00:00:00,40.470001
2015-08-26 00:00:00,42.709999
2015-08-27 00:00:00,43.900002
2015-08-28 00:00:00,43.93
2015-08-31 00:00:00,43.52
2015-09-01 00:00:00,41.82
2015-09-02 00:00:00,43.360001
2015-09-03 00:00:00,43.5
2015-09-04 00:00:00,42.610001
2015-09-08 00:00:00,43.889999
2015-09-09 00:00:00,43.07
2015-09-10 00:00:00,43.290001
2015-09-11 00:00:00,43.48
2015-09-14 00:00:00,43.040001
2015-09-15 00:00:00,43.98
2015-09-16 00:00:00,44.299999
2015-09-17 00:00:00,44.25
2015-09-18 00:00:00,43.48
2015-09-21 00:00:00,44.110001
2015-09-22 00:00:00,43.900002
2015-09-23 00:00:00,43.869999
2015-09-24 00:00:00,43.91
2015-09-25 00:00:00,43.939999
2015-09-28 00:00:00,43.290001
2015-09-29 00:00:00,43.439999
2015-09-30 00:00:00,44.259998
2015-10-01 00:00:00,44.610001
2015-10-02 00:00:00,45.57
2015-10-05 00:00:00,46.630001
2015-10-06 00:00:00,46.75
2015-10-07 00:00:00,46.799999
2015-10-08 00:00:00,47.450001
2015-10-09 00:00:00,47.110001
2015-10-12 00:00:00,47
2015-10-13 00:00:00,46.889999
2015-10-14 00:00:00,46.68
2015-10-15 00:00:00,47.009998
2015-10-16 00:00:00,47.509998
2015-10-19 00:00:00,47.619999
2015-10-20 00:00:00,47.77
2015-10-21 00:00:00,47.200001
2015-10-22 00:00:00,48.029999
2015-10-23 00:00:00,52.869999
2015-10-26 00:00:00,54.25
2015-10-27 00:00:00,53.689999
2015-10-28 00:00:00,53.98
2015-10-29 00:00:00,53.360001
2015-10-30 00:00:00,52.639999
2015-11-02 00:00:00,53.240002
2015-11-03 00:00:00,54.150002
2015-11-04 00:00:00,54.400002
2015-11-05 00:00:00,54.380001
2015-11-06 00:00:00,54.919998
2015-11-09 00:00:00,54.16
2015-11-10 00:00:00,53.509998
2015-11-11 00:00:00,53.650002
2015-11-12 00:00:00,53.32
2015-11-13 00:00:00,52.84
2015-11-16 00:00:00,53.77
2015-11-17 00:00:00,52.970001
2015-11-18 00:00:00,53.849998
2015-11-19 00:00:00,53.939999
2015-11-20 00:00:00,54.189999
2015-11-23 00:00:00,54.189999
2015-11-24 00:00:00,54.25
2015-11-25 00:00:00,53.689999
2015-11-27 00:00:00,53.93
2015-11-30 00:00:00,54.349998
2015-12-01 00:00:00,55.220001
2015-12-02 00:00:00,55.209999
2015-12-03 00:00:00,54.200001
2015-12-04 00:00:00,55.91
2015-12-07 00:00:00,55.810001
2015-12-08 00:00:00,55.790001
2015-12-09 00:00:00,54.98
2015-12-10 00:00:00,55.27
2015-12-11 00:00:00,54.060001
2015-12-14 00:00:00,55.139999
2015-12-15 00:00:00,55.200001
2015-12-16 00:00:00,56.130001
2015-12-17 00:00:00,55.700001
2015-12-18 00:00:00,54.130001
2015-12-21 00:00:00,54.830002
2015-12-22 00:00:00,55.349998
2015-12-23 00:00:00,55.82
2015-12-24 00:00:00,55.669998
2015-12-28 00:00:00,55.950001
2015-12-29 00:00:00,56.549999
2015-12-30 00:00:00,56.310001
2015-12-31 00:00:00,55.48
2016-01-04 00:00:00,54.799999
2016-01-05 00:00:00,55.049999
2016-01-06 00:00:00,54.049999
2016-01-07 00:00:00,52.169998
2016-01-08 00:00:00,52.330002
2016-01-11 00:00:00,52.299999
2016-01-12 00:00:00,52.779999
2016-01-13 00:00:00,51.639999
2016-01-14 00:00:00,53.110001
2016-01-15 00:00:00,50.990002
2016-01-19 00:00:00,50.560001
2016-01-20 00:00:00,50.790001
2016-01-21 00:00:00,50.48
2016-01-22 00:00:00,52.290001
2016-01-25 00:00:00,51.790001
2016-01-26 00:00:00,52.169998
2016-01-27 00:00:00,51.220001
2016-01-28 00:00:00,52.060001
2016-01-29 00:00:00,55.09
2016-02-01 00:00:00,54.709999
2016-02-02 00:00:00,53
2016-02-03 00:00:00,52.16
2016-02-04 00:00:00,52
2016-02-05 00:00:00,50.16
2016-02-08 00:00:00,49.41
2016-02-09 00:00:00,49.279999
2016-02-10 00:00:00,49.709999
2016-02-11 00:00:00,49.689999
2016-02-12 00:00:00,50.5
2016-02-16 00:00:00,51.09
2016-02-17 00:00:00,52.419998
2016-02-18 00:00:00,52.189999
2016-02-19 00:00:00,51.82
2016-02-22 00:00:00,52.650002
2016-02-23 00:00:00,51.18
2016-02-24 00:00:00,51.360001
2016-02-25 00:00:00,52.099998
2016-02-26 00:00:00,51.299999
2016-02-29 00:00:00,50.880001
2016-03-01 00:00:00,52.580002
2016-03-02 00:00:00,52.950001
2016-03-03 00:00:00,52.349998
2016-03-04 00:00:00,52.029999
2016-03-07 00:00:00,51.029999
2016-03-08 00:00:00,51.650002
2016-03-09 00:00:00,52.84
2016-03-10 00:00:00,52.049999
2016-03-11 00:00:00,53.07
2016-03-14 00:00:00,53.169998
2016-03-15 00:00:00,53.59
2016-03-16 00:00:00,54.349998
2016-03-17 00:00:00,54.66
2016-03-18 00:00:00,53.490002
2016-03-21 00:00:00,53.860001
2016-03-22 00:00:00,54.07
2016-03-23 00:00:00,53.970001
2016-03-24 00:00:00,54.209999
2016-03-28 00:00:00,53.540001
2016-03-29 00:00:00,54.709999
2016-03-30 00:00:00,55.049999
2016-03-31 00:00:00,55.23
2016-04-01 00:00:00,55.57
2016-04-04 00:00:00,55.43
2016-04-05 00:00:00,54.560001
2016-04-06 00:00:00,55.119999
2016-04-07 00:00:00,54.459999
2016-04-08 00:00:00,54.419998
2016-04-11 00:00:00,54.310001
2016-04-12 00:00:00,54.650002
2016-04-13 00:00:00,55.349998
2016-04-14 00:00:00,55.360001
2016-04-15 00:00:00,55.650002
2016-04-18 00:00:00,56.459999
2016-04-19 00:00:00,56.389999
2016-04-20 00:00:00,55.59
2016-04-21 00:00:00,55.779999
2016-04-22 00:00:00,51.779999
2016-04-25 00:00:00,52.110001
2016-04-26 00:00:00,51.439999
2016-04-27 00:00:00,50.939999
2016-04-28 00:00:00,49.900002
2016-04-29 00:00:00,49.869999
2016-05-02 00:00:00,50.610001
2016-05-03 00:00:00,49.779999
2016-05-04 00:00:00,49.869999
2016-05-05 00:00:00,49.939999
2016-05-06 00:00:00,50.389999
2016-05-09 00:00:00,50.07
2016-05-10 00:00:00,51.02
2016-05-11 00:00:00,51.049999
2016-05-12 00:00:00,51.509998
2016-05-13 00:00:00,51.080002
2016-05-16 00:00:00,51.830002
2016-05-17 00:00:00,50.509998
2016-05-18 00:00:00,50.810001
2016-05-19 00:00:00,50.32
2016-05-20 00:00:00,50.619999
2016-05-23 00:00:00,50.029999
2016-05-24 00:00:00,51.59
2016-05-25 00:00:00,52.119999
2016-05-26 00:00:00,51.889999
2016-05-27 00:00:00,52.32
2016-05-31 00:00:00,53
2016-06-01 00:00:00,52.849998
2016-06-02 00:00:00,52.48
2016-06-03 00:00:00,51.790001
2016-06-06 00:00:00,52.130001
2016-06-07 00:00:00,52.099998
2016-06-08 00:00:00,52.040001
2016-06-09 00:00:00,51.619999
2016-06-10 00:00:00,51.48
2016-06-13 00:00:00,50.139999
2016-06-14 00:00:00,49.830002
2016-06-15 00:00:00,49.689999
2016-06-16 00:00:00,50.389999
2016-06-17 00:00:00,50.130001
2016-06-20 00:00:00,50.07
2016-06-21 00:00:00,51.189999
2016-06-22 00:00:00,50.990002
2016-06-23 00:00:00,51.91
2016-06-24 00:00:00,49.830002
2016-06-27 00:00:00,48.43
2016-06-28 00:00:00,49.439999
2016-06-29 00:00:00,50.540001
2016-06-30 00:00:00,51.169998
2016-07-01 00:00:00,51.16
2016-07-05 00:00:00,51.169998
2016-07-06 00:00:00,51.380001
2016-07-07 00:00:00,51.380001
2016-07-08 00:00:00,52.299999
2016-07-11 00:00:00,52.59
2016-07-12 00:00:00,53.209999
2016-07-13 00:00:00,53.509998
2016-07-14 00:00:00,53.740002
2016-07-15 00:00:00,53.700001
2016-07-18 00:00:00,53.959999
2016-07-19 00:00:00,53.09
2016-07-20 00:00:00,55.91
2016-07-21 00:00:00,55.799999
2016-07-22 00:00:00,56.57
2016-07-25 00:00:00,56.73
2016-07-26 00:00:00,56.759998
2016-07-27 00:00:00,56.189999
2016-07-28 00:00:00,56.209999
2016-07-29 00:00:00,56.68
2016-08-01 00:00:00,56.580002
2016-08-02 00:00:00,56.580002
2016-08-03 00:00:00,56.970001
2016-08-04 00:00:00,57.389999
2016-08-05 00:00:00,57.959999
2016-08-08 00:00:00,58.060001
2016-08-09 00:00:00,58.200001
2016-08-10 00:00:00,58.02
2016-08-11 00:00:00,58.299999
2016-08-12 00:00:00,57.939999
2016-08-15 00:00:00,58.119999
2016-08-16 00:00:00,57.439999
2016-08-17 00:00:00,57.560001
2016-08-18 00:00:00,57.599998
2016-08-19 00:00:00,57.619999
2016-08-22 00:00:00,57.669998
2016-08-23 00:00:00,57.889999
2016-08-24 00:00:00,57.950001
2016-08-25 00:00:00,58.169998
2016-08-26 00:00:00,58.029999
2016-08-29 00:00:00,58.099998
2016-08-30 00:00:00,57.889999
2016-08-31 00:00:00,57.459999
2016-09-01 00:00:00,57.59
2016-09-02 00:00:00,57.669998
2016-09-06 00:00:00,57.610001
2016-09-07 00:00:00,57.66
2016-09-08 00:00:00,57.43
2016-09-09 00:00:00,56.209999
2016-09-12 00:00:00,57.049999
2016-09-13 00:00:00,56.529999
2016-09-14 00:00:00,56.259998
2016-09-15 00:00:00,57.189999
2016-09-16 00:00:00,57.25
2016-09-19 00:00:00,56.93
2016-09-20 00:00:00,56.810001
2016-09-21 00:00:00,57.759998
2016-09-22 00:00:00,57.82
2016-09-23 00:00:00,57.43
2016-09-26 00:00:00,56.900002
2016-09-27 00:00:00,57.950001
2016-09-28 00:00:00,58.029999
2016-09-29 00:00:00,57.400002
2016-09-30 00:00:00,57.599998
2016-10-03 00:00:00,57.419998
2016-10-04 00:00:00,57.240002
2016-10-05 00:00:00,57.639999
2016-10-06 00:00:00,57.740002
2016-10-07 00:00:00,57.799999
2016-10-10 00:00:00,58.040001
2016-10-11 00:00:00,57.189999
2016-10-12 00:00:00,57.110001
2016-10-13 00:00:00,56.919998
2016-10-14 00:00:00,57.419998
2016-10-17 00:00:00,57.220001
2016-10-18 00:00:00,57.66
2016-10-19 00:00:00,57.529999
2016-10-20 00:00:00,57.25
2016-10-21 00:00:00,59.66
2016-10-24 00:00:00,61
2016-10-25 00:00:00,60.990002
2016-10-26 00:00:00,60.630001
2016-10-27 00:00:00,60.099998
2016-10-28 00:00:00,59.869999
2016-10-31 00:00:00,59.919998
2016-11-01 00:00:00,59.799999
2016-11-02 00:00:00,59.43
2016-11-03 00:00:00,59.209999
2016-11-04 00:00:00,58.709999
2016-11-07 00:00:00,60.419998
2016-11-08 00:00:00,60.470001
2016-11-09 00:00:00,60.169998
2016-11-10 00:00:00,58.700001
2016-11-11 00:00:00,59.02
2016-11-14 00:00:00,58.119999
2016-11-15 00:00:00,58.869999
2016-11-16 00:00:00,59.650002
2016-11-17 00:00:00,60.639999
2016-11-18 00:00:00,60.349998
2016-11-21 00:00:00,60.860001
2016-11-22 00:00:00,61.119999
2016-11-23 00:00:00,60.400002
2016-11-25 00:00:00,60.529999
2016-11-28 00:00:00,60.610001
2016-11-29 00:00:00,61.09
2016-11-30 00:00:00,60.259998
2016-12-01 00:00:00,59.200001
2016-12-02 00:00:00,59.25
2016-12-05 00:00:00,60.220001
2016-12-06 00:00:00,59.950001
2016-12-07 00:00:00,61.369999
2016-12-08 00:00:00,61.009998
2016-12-09 00:00:00,61.970001
2016-12-12 00:00:00,62.169998
2016-12-13 00:00:00,62.98
2016-12-14 00:00:00,62.68
2016-12-15 00:00:00,62.580002
2016-12-16 00:00:00,62.299999
2016-12-19 00:00:00,63.619999
2016-12-20 00:00:00,63.540001
2016-12-21 00:00:00,63.540001
2016-12-22 00:00:00,63.549999
2016-12-23 00:00:00,63.240002
2016-12-27 00:00:00,63.279999
2016-12-28 00:00:00,62.990002
2016-12-29 00:00:00,62.900002
2016-12-30 00:00:00,62.139999
2017-01-03 00:00:00,62.580002
2017-01-04 00:00:00,62.299999
2017-01-05 00:00:00,62.299999
2017-01-06 00:00:00,62.84
2017-01-09 00:00:00,62.639999
2017-01-10 00:00:00,62.619999
2017-01-11 00:00:00,63.189999
2017-01-12 00:00:00,62.610001
2017-01-13 00:00:00,62.700001
2017-01-17 00:00:00,62.529999
2017-01-18 00:00:00,62.5
2017-01-19 00:00:00,62.299999
2017-01-20 00:00:00,62.740002
2017-01-23 00:00:00,62.959999
2017-01-24 00:00:00,63.52
2017-01-25 00:00:00,63.68
2017-01-26 00:00:00,64.269997
2017-01-27 00:00:00,65.779999
2017-01-30 00:00:00,65.129997
2017-01-31 00:00:00,64.650002
2017-02-01 00:00:00,63.580002
2017-02-02 00:00:00,63.169998
2017-02-03 00:00:00,63.68
2017-02-06 00:00:00,63.639999
2017-02-07 00:00:00,63.43
2017-02-08 00:00:00,63.34
2017-02-09 00:00:00,64.059998
2017-02-10 00:00:00,64
2017-02-13 00:00:00,64.720001
2017-02-14 00:00:00,64.57
2017-02-15 00:00:00,64.529999
2017-02-16 00:00:00,64.519997
2017-02-17 00:00:00,64.620003
2017-02-21 00:00:00,64.489998
2017-02-22 00:00:00,64.360001
2017-02-23 00:00:00,64.620003
2017-02-24 00:00:00,64.620003
2017-02-27 00:00:00,64.230003
2017-02-28 00:00:00,63.98
2017-03-01 00:00:00,64.940002
2017-03-02 00:00:00,64.010002
2017-03-03 00:00:00,64.25
2017-03-06 00:00:00,64.269997
2017-03-07 00:00:00,64.400002
2017-03-08 00:00:00,64.989998
2017-03-09 00:00:00,64.730003
2017-03-10 00:00:00,64.93
2017-03-13 00:00:00,64.709999
2017-03-14 00:00:00,64.410004
2017-03-15 00:00:00,64.75
2017-03-16 00:00:00,64.639999
2017-03-17 00:00:00,64.870003
2017-03-20 00:00:00,64.93
2017-03-21 00:00:00,64.209999
2017-03-22 00:00:00,65.029999
2017-03-23 00:00:00,64.870003
2017-03-24 00:00:00,64.980003
2017-03-27 00:00:00,65.099998
2017-03-28 00:00:00,65.290001
2017-03-29 00:00:00,65.470001
2017-03-30 00:00:00,65.709999
2017-03-31 00:00:00,65.860001
2017-04-03 00:00:00,65.550003
2017-04-04 00:00:00,65.730003
2017-04-05 00:00:00,65.559998
2017-04-06 00:00:00,65.730003
2017-04-07 00:00:00,65.68
2017-04-10 00:00:00,65.529999
2017-04-11 00:00:00,65.480003
2017-04-12 00:00:00,65.230003
2017-04-13 00:00:00,64.949997
2017-04-17 00:00:00,65.480003
2017-04-18 00:00:00,65.389999
2017-04-19 00:00:00,65.040001
2017-04-20 00:00:00,65.5
2017-04-21 00:00:00,66.400002
2017-04-24 00:00:00,67.529999
2017-04-25 00:00:00,67.919998
2017-04-26 00:00:00,67.830002
2017-04-27 00:00:00,68.269997
2017-04-28 00:00:00,68.459999
2017-05-01 00:00:00,69.410004
2017-05-02 00:00:00,69.300003
2017-05-03 00:00:00,69.080002
2017-05-04 00:00:00,68.809998
2017-05-05 00:00:00,69
2017-05-08 00:00:00,68.940002
2017-05-09 00:00:00,69.040001
2017-05-10 00:00:00,69.309998
2017-05-11 00:00:00,68.459999
2017-05-12 00:00:00,68.379997
2017-05-15 00:00:00,68.43
2017-05-16 00:00:00,69.410004
2017-05-17 00:00:00,67.480003
2017-05-18 00:00:00,67.709999
2017-05-19 00:00:00,67.690002
2017-05-22 00:00:00,68.449997
2017-05-23 00:00:00,68.68
2017-05-24 00:00:00,68.769997
2017-05-25 00:00:00,69.620003
2017-05-26 00:00:00,69.959999
2017-05-30 00:00:00,70.410004
2017-05-31 00:00:00,69.839996
2017-06-01 00:00:00,70.099998
2017-06-02 00:00:00,71.760002
2017-06-05 00:00:00,72.279999
2017-06-06 00:00:00,72.519997
2017-06-07 00:00:00,72.389999
2017-06-08 00:00:00,71.949997
2017-06-09 00:00:00,70.32
2017-06-12 00:00:00,69.779999
2017-06-13 00:00:00,70.650002
2017-06-14 00:00:00,70.269997
2017-06-15 00:00:00,69.900002
2017-06-16 00:00:00,70
2017-06-19 00:00:00,70.870003
2017-06-20 00:00:00,69.910004
2017-06-21 00:00:00,70.269997
2017-06-22 00:00:00,70.260002
2017-06-23 00:00:00,71.209999
2017-06-26 00:00:00,70.529999
2017-06-27 00:00:00,69.209999
2017-06-28 00:00:00,69.800003
2017-06-29 00:00:00,68.489998
2017-06-30 00:00:00,68.93
2017-07-03 00:00:00,68.169998
2017-07-05 00:00:00,69.080002
2017-07-06 00:00:00,68.57
2017-07-07 00:00:00,69.459999
2017-07-10 00:00:00,69.980003
2017-07-11 00:00:00,69.989998
2017-07-12 00:00:00,71.150002
2017-07-13 00:00:00,71.769997
2017-07-14 00:00:00,72.779999
2017-07-17 00:00:00,73.349998
2017-07-18 00:00:00,73.300003
2017-07-19 00:00:00,73.860001
2017-07-20 00:00:00,74.220001
2017-07-21 00:00:00,73.790001
2017-07-24 00:00:00,73.599998
2017-07-25 00:00:00,74.190002
2017-07-26 00:00:00,74.050003
2017-07-27 00:00:00,73.160004
2017-07-28 00:00:00,73.040001
2017-07-31 00:00:00,72.699997
2017-08-01 00:00:00,72.580002
2017-08-02 00:00:00,72.260002
2017-08-03 00:00:00,72.150002
2017-08-04 00:00:00,72.68
2017-08-07 00:00:00,72.400002
2017-08-08 00:00:00,72.790001
2017-08-09 00:00:00,72.470001
2017-08-10 00:00:00,71.410004
2017-08-11 00:00:00,72.5
2017-08-14 00:00:00,73.589996
2017-08-15 00:00:00,73.220001
2017-08-16 00:00:00,73.650002
2017-08-17 00:00:00,72.400002
2017-08-18 00:00:00,72.489998
2017-08-21 00:00:00,72.150002
2017-08-22 00:00:00,73.160004
2017-08-23 00:00:00,72.720001
2017-08-24 00:00:00,72.690002
2017-08-25 00:00:00,72.82
2017-08-28 00:00:00,72.830002
2017-08-29 00:00:00,73.050003
2017-08-30 00:00:00,74.010002
2017-08-31 00:00:00,74.769997
2017-09-01 00:00:00,73.940002
2017-09-05 00:00:00,73.610001
2017-09-06 00:00:00,73.400002
2017-09-07 00:00:00,74.339996
2017-09-08 00:00:00,73.980003
2017-09-11 00:00:00,74.760002
2017-09-12 00:00:00,74.68
2017-09-13 00:00:00,75.209999
2017-09-14 00:00:00,74.769997
2017-09-15 00:00:00,75.309998
2017-09-18 00:00:00,75.160004
2017-09-19 00:00:00,75.440002
2017-09-20 00:00:00,74.940002
2017-09-21 00:00:00,74.209999
2017-09-22 00:00:00,74.410004
2017-09-25 00:00:00,73.260002
2017-09-26 00:00:00,73.260002
2017-09-27 00:00:00,73.849998
2017-09-28 00:00:00,73.870003
2017-09-29 00:00:00,74.489998
2017-10-02 00:00:00,74.610001
2017-10-03 00:00:00,74.260002
2017-10-04 00:00:00,74.690002
2017-10-05 00:00:00,75.970001
2017-10-06 00:00:00,76
2017-10-09 00:00:00,76.290001
2017-10-10 00:00:00,76.290001
2017-10-11 00:00:00,76.419998
2017-10-12 00:00:00,77.120003
2017-10-13 00:00:00,77.489998
2017-10-16 00:00:00,77.650002
2017-10-17 00:00:00,77.589996
2017-10-18 00:00:00,77.610001
2017-10-19 00:00:00,77.910004
2017-10-20 00:00:00,78.809998
2017-10-23 00:00:00,78.830002
2017-10-24 00:00:00,78.860001
2017-10-25 00:00:00,78.629997
2017-10-26 00:00:00,78.760002
2017-10-27 00:00:00,83.809998
2017-10-30 00:00:00,83.889999
2017-10-31 00:00:00,83.18
2017-11-01 00:00:00,83.18
2017-11-02 00:00:00,84.050003
2017-11-03 00:00:00,84.139999
2017-11-06 00:00:00,84.470001
2017-11-07 00:00:00,84.269997
2017-11-08 00:00:00,84.559998
2017-11-09 00:00:00,84.089996
2017-11-10 00:00:00,83.870003
2017-11-13 00:00:00,83.93
2017-11-14 00:00:00,84.050003
2017-11-15 00:00:00,82.980003
2017-11-16 00:00:00,83.199997
2017-11-17 00:00:00,82.400002
2017-11-20 00:00:00,82.529999
2017-11-21 00:00:00,83.720001
2017-11-22 00:00:00,83.110001
2017-11-24 00:00:00,83.260002
2017-11-27 00:00:00,83.870003
2017-11-28 00:00:00,84.879997
2017-11-29 00:00:00,83.339996
2017-11-30 00:00:00,84.169998
2017-12-01 00:00:00,84.260002
2017-12-04 00:00:00,81.080002
2017-12-05 00:00:00,81.589996
2017-12-06 00:00:00,82.779999
2017-12-07 00:00:00,82.489998
2017-12-08 00:00:00,84.160004
2017-12-11 00:00:00,85.230003
2017-12-12 00:00:00,85.580002
2017-12-13 00:00:00,85.349998
2017-12-14 00:00:00,84.690002
2017-12-15 00:00:00,86.849998
2017-12-18 00:00:00,86.379997
2017-12-19 00:00:00,85.830002
2017-12-20 00:00:00,85.519997
2017-12-21 00:00:00,85.5
2017-12-22 00:00:00,85.510002
2017-12-26 00:00:00,85.400002
2017-12-27 00:00:00,85.709999
2017-12-28 00:00:00,85.720001
2017-12-29 00:00:00,85.540001
2018-01-02 00:00:00,85.949997
2018-01-03 00:00:00,86.349998
2018-01-04 00:00:00,87.110001
2018-01-05 00:00:00,88.190002
2018-01-08 00:00:00,88.279999
2018-01-09 00:00:00,88.220001
2018-01-10 00:00:00,87.82
2018-01-11 00:00:00,88.080002
2018-01-12 00:00:00,89.599998
2018-01-16 00:00:00,88.349998
2018-01-17 00:00:00,90.139999
2018-01-18 00:00:00,90.099998
2018-01-19 00:00:00,90
2018-01-22 00:00:00,91.610001
2018-01-23 00:00:00,91.900002
2018-01-24 00:00:00,91.82
2018-01-25 00:00:00,92.330002
2018-01-26 00:00:00,94.059998
2018-01-29 00:00:00,93.919998
2018-01-30 00:00:00,92.739998
2018-01-31 00:00:00,95.010002
2018-02-01 00:00:00,94.260002
2018-02-02 00:00:00,91.779999
2018-02-05 00:00:00,88
2018-02-06 00:00:00,91.330002
2018-02-07 00:00:00,89.610001
2018-02-08 00:00:00,85.010002
2018-02-09 00:00:00,88.18
2018-02-12 00:00:00,89.129997
2018-02-13 00:00:00,89.830002
2018-02-14 00:00:00,90.809998
2018-02-15 00:00:00,92.660004
2018-02-16 00:00:00,92
2018-02-20 00:00:00,92.720001
2018-02-21 00:00:00,91.489998
2018-02-22 00:00:00,91.730003
2018-02-23 00:00:00,94.059998
2018-02-26 00:00:00,95.419998
2018-02-27 00:00:00,94.199997
2018-02-28 00:00:00,93.769997
2018-03-01 00:00:00,92.849998
2018-03-02 00:00:00,93.050003
2018-03-05 00:00:00,93.639999
2018-03-06 00:00:00,93.32
2018-03-07 00:00:00,93.860001
2018-03-08 00:00:00,94.43
2018-03-09 00:00:00,96.540001
2018-03-12 00:00:00,96.769997
2018-03-13 00:00:00,94.410004
2018-03-14 00:00:00,93.849998
2018-03-15 00:00:00,94.18
2018-03-16 00:00:00,94.599998
2018-03-19 00:00:00,92.889999
2018-03-20 00:00:00,93.129997
2018-03-21 00:00:00,92.480003
2018-03-22 00:00:00,89.790001
2018-03-23 00:00:00,87.18
2018-03-26 00:00:00,93.779999
2018-03-27 00:00:00,89.470001
2018-03-28 00:00:00,89.389999
2018-03-29 00:00:00,91.269997
2018-04-02 00:00:00,88.519997
2018-04-03 00:00:00,89.709999
2018-04-04 00:00:00,92.330002
2018-04-05 00:00:00,92.379997
2018-04-06 00:00:00,90.230003
2018-04-09 00:00:00,90.769997
2018-04-10 00:00:00,92.879997
2018-04-11 00:00:00,91.860001
2018-04-12 00:00:00,93.580002
2018-04-13 00:00:00,93.080002
2018-04-16 00:00:00,94.169998
2018-04-17 00:00:00,96.07
2018-04-18 00:00:00,96.440002
2018-04-19 00:00:00,96.110001
2018-04-20 00:00:00,95
2018-04-23 00:00:00,95.349998
2018-04-24 00:00:00,93.120003
2018-04-25 00:00:00,92.309998
2018-04-26 00:00:00,94.260002
2018-04-27 00:00:00,95.82
2018-04-30 00:00:00,93.519997
2018-05-01 00:00:00,95
2018-05-02 00:00:00,93.510002
2018-05-03 00:00:00,94.07
2018-05-04 00:00:00,95.160004
2018-05-07 00:00:00,96.220001
2018-05-08 00:00:00,95.809998
2018-05-09 00:00:00,96.940002
2018-05-10 00:00:00,97.910004
2018-05-11 00:00:00,97.699997
2018-05-14 00:00:00,98.029999
2018-05-15 00:00:00,97.32
2018-05-16 00:00:00,97.150002
2018-05-17 00:00:00,96.18
2018-05-18 00:00:00,96.360001
2018-05-21 00:00:00,97.599998
2018-05-22 00:00:00,97.5
2018-05-23 00:00:00,98.660004
2018-05-24 00:00:00,98.309998
2018-05-25 00:00:00,98.360001
2018-05-29 00:00:00,98.010002
2018-05-30 00:00:00,98.949997
